event,user_id,timestamp,time_taken_in_ms,auto_completed,auto_completion_count,wpm,numBksp
key_press,1,2021-05-17 20:29:35.585373,266,False,0,,0
key_press,1,2021-05-17 20:29:35.716303,128,False,0,,0
key_press,1,2021-05-17 20:29:35.803294,83,False,0,,0
key_press,1,2021-05-17 20:29:36.036551,230,False,0,,0
key_press,1,2021-05-17 20:29:36.585378,547,False,1,,0
word,1,2021-05-17 20:29:36.588379,1269,True,1,,0
key_press,1,2021-05-17 20:29:36.793366,205,False,1,,0
key_press,1,2021-05-17 20:29:36.972307,176,False,1,,0
key_press,1,2021-05-17 20:29:37.031316,56,False,1,,0
key_press,1,2021-05-17 20:29:37.127342,93,False,1,,0
key_press,1,2021-05-17 20:29:37.349301,219,False,1,,0
key_press,1,2021-05-17 20:29:37.630463,278,False,1,,0
key_press,1,2021-05-17 20:29:38.381345,749,False,2,,0
word,1,2021-05-17 20:29:38.384346,1793,True,2,,0
key_press,1,2021-05-17 20:29:38.665444,281,False,2,,0
key_press,1,2021-05-17 20:29:38.777446,109,False,2,,0
key_press,1,2021-05-17 20:29:38.946522,166,False,2,,0
key_press,1,2021-05-17 20:29:39.004379,55,False,2,,0
key_press,1,2021-05-17 20:29:39.075631,68,False,2,,0
word,1,2021-05-17 20:29:39.078632,691,True,2,,0
key_press,1,2021-05-17 20:29:39.192519,114,False,2,,0
key_press,1,2021-05-17 20:29:39.385561,190,False,2,,0
key_press,1,2021-05-17 20:29:39.457580,69,False,2,,0
key_press,1,2021-05-17 20:29:39.566442,106,False,2,,0
word,1,2021-05-17 20:29:39.569442,489,True,2,,0
key_press,1,2021-05-17 20:29:39.658374,89,False,2,,0
key_press,1,2021-05-17 20:29:39.743516,82,False,2,,0
key_press,1,2021-05-17 20:29:39.818698,72,False,2,,0
key_press,1,2021-05-17 20:29:39.963740,142,False,2,,0
key_press,1,2021-05-17 20:29:40.047442,81,False,2,,0
key_press,1,2021-05-17 20:29:40.171302,121,False,2,,0
word,1,2021-05-17 20:29:40.174303,603,True,2,,0
key_press,1,2021-05-17 20:29:40.218443,44,False,2,,0
key_press,1,2021-05-17 20:29:40.355442,134,False,2,,0
key_press,1,2021-05-17 20:29:40.439377,81,False,2,,0
key_press,1,2021-05-17 20:29:40.515386,73,False,2,,0
word,1,2021-05-17 20:29:40.518388,342,True,2,,0
key_press,1,2021-05-17 20:29:40.674656,156,False,2,,0
key_press,1,2021-05-17 20:29:40.716665,39,False,2,,0
key_press,1,2021-05-17 20:29:40.767684,48,False,2,,0
key_press,1,2021-05-17 20:29:40.985352,215,False,2,,0
key_press,1,2021-05-17 20:29:41.135686,147,False,2,,0
key_press,1,2021-05-17 20:29:41.288441,150,False,3,,0
word,1,2021-05-17 20:29:41.291442,771,True,3,,0
key_press,1,2021-05-17 20:29:41.501429,210,False,3,,0
key_press,1,2021-05-17 20:29:41.661448,157,False,3,,0
key_press,1,2021-05-17 20:29:41.780299,116,False,3,,0
key_press,1,2021-05-17 20:29:41.952458,169,False,3,,0
key_press,1,2021-05-17 20:29:43.127302,1172,False,3,,0
sentence,1,2021-05-17 20:29:43.368295,8049,True,4,52.1803950801342,0
key_press,1,2021-05-17 20:29:44.179446,808,False,0,,0
key_press,1,2021-05-17 20:29:44.345453,163,False,0,,0
key_press,1,2021-05-17 20:29:44.488392,140,False,0,,0
key_press,1,2021-05-17 20:29:44.557429,66,False,0,,0
word,1,2021-05-17 20:29:44.560430,1189,False,0,,0
key_press,1,2021-05-17 20:29:44.691376,131,False,0,,0
key_press,1,2021-05-17 20:29:44.764599,70,False,0,,0
key_press,1,2021-05-17 20:29:44.879465,112,False,0,,0
key_press,1,2021-05-17 20:29:45.082344,200,False,0,,0
key_press,1,2021-05-17 20:29:45.153955,68,False,0,,0
key_press,1,2021-05-17 20:29:45.217970,62,False,0,,0
word,1,2021-05-17 20:29:45.219970,657,False,0,,0
key_press,1,2021-05-17 20:29:45.379332,160,False,0,,0
key_press,1,2021-05-17 20:29:45.420342,38,False,0,,0
key_press,1,2021-05-17 20:29:45.540394,117,False,0,,0
key_press,1,2021-05-17 20:29:45.614376,71,False,0,,0
key_press,1,2021-05-17 20:29:45.647444,30,False,0,,0
word,1,2021-05-17 20:29:45.650207,428,False,0,,0
key_press,1,2021-05-17 20:29:45.806299,156,False,0,,0
key_press,1,2021-05-17 20:29:45.880307,71,False,0,,0
key_press,1,2021-05-17 20:29:46.060298,177,False,0,,0
key_press,1,2021-05-17 20:29:46.155383,91,False,0,,0
key_press,1,2021-05-17 20:29:46.285441,127,False,0,,0
word,1,2021-05-17 20:29:46.288441,635,False,0,,0
key_press,1,2021-05-17 20:29:46.420292,132,False,0,,0
key_press,1,2021-05-17 20:29:46.534457,111,False,0,,0
key_press,1,2021-05-17 20:29:46.830321,293,False,0,,0
key_press,1,2021-05-17 20:29:47.075375,242,False,0,,0
key_press,1,2021-05-17 20:29:47.206453,128,False,0,,0
key_press,1,2021-05-17 20:29:47.401376,192,False,1,,0
word,1,2021-05-17 20:29:47.404377,1114,True,1,,0
key_press,1,2021-05-17 20:29:47.625444,221,False,1,,0
key_press,1,2021-05-17 20:29:47.753376,125,False,1,,0
key_press,1,2021-05-17 20:29:47.872374,116,False,1,,0
key_press,1,2021-05-17 20:29:48.005372,130,False,1,,0
key_press,1,2021-05-17 20:29:48.190305,182,False,1,,0
key_press,1,2021-05-17 20:29:48.240658,46,False,1,,0
key_press,1,2021-05-17 20:29:48.349385,105,False,1,,0
word,1,2021-05-17 20:29:48.352386,946,True,1,,0
key_press,1,2021-05-17 20:29:48.474300,122,False,1,,0
key_press,1,2021-05-17 20:29:48.596459,119,False,1,,0
key_press,1,2021-05-17 20:29:48.687380,88,False,1,,0
key_press,1,2021-05-17 20:29:48.824429,134,False,1,,0
key_press,1,2021-05-17 20:29:48.979307,152,False,1,,0
key_press,1,2021-05-17 20:29:49.114164,132,False,2,,0
word,1,2021-05-17 20:29:49.117164,763,True,2,,0
key_press,1,2021-05-17 20:29:49.295406,178,False,2,,0
key_press,1,2021-05-17 20:29:49.380294,82,False,2,,0
key_press,1,2021-05-17 20:29:49.556374,173,False,2,,0
key_press,1,2021-05-17 20:29:49.640374,81,False,2,,0
key_press,1,2021-05-17 20:29:49.928580,285,False,2,,0
key_press,1,2021-05-17 20:29:50.040582,109,False,2,,0
word,1,2021-05-17 20:29:50.043583,924,True,2,,0
key_press,1,2021-05-17 20:29:50.129292,86,False,2,,0
key_press,1,2021-05-17 20:29:50.284428,152,False,2,,0
key_press,1,2021-05-17 20:29:50.351380,64,False,2,,0
word,1,2021-05-17 20:29:50.354381,309,True,2,,0
key_press,1,2021-05-17 20:29:50.482756,128,False,2,,0
key_press,1,2021-05-17 20:29:50.587448,102,False,2,,0
key_press,1,2021-05-17 20:29:51.222747,632,False,2,,0
key_press,1,2021-05-17 20:29:51.363391,138,False,2,,0
key_press,1,2021-05-17 20:29:51.638337,272,False,2,,0
key_press,1,2021-05-17 20:29:51.762379,122,False,3,,0
word,1,2021-05-17 20:29:51.765379,1409,True,3,,0
key_press,1,2021-05-17 20:29:52.058764,293,False,3,,0
key_press,1,2021-05-17 20:29:52.165056,104,False,3,,0
key_press,1,2021-05-17 20:29:52.276147,109,False,3,,0
key_press,1,2021-05-17 20:29:52.347375,68,False,3,,0
word,1,2021-05-17 20:29:52.350376,583,True,3,,0
key_press,1,2021-05-17 20:29:52.503485,153,False,3,,0
key_press,1,2021-05-17 20:29:52.699375,193,False,3,,0
key_press,1,2021-05-17 20:29:52.781305,79,False,3,,0
key_press,1,2021-05-17 20:29:52.935382,151,False,3,,0
word,1,2021-05-17 20:29:52.939384,586,True,3,,0
key_press,1,2021-05-17 20:29:53.069378,130,False,3,,0
key_press,1,2021-05-17 20:29:53.215500,143,False,3,,0
key_press,1,2021-05-17 20:29:53.313294,95,False,3,,0
key_press,1,2021-05-17 20:29:53.566128,250,False,3,,0
key_press,1,2021-05-17 20:29:53.741428,171,False,3,,0
key_press,1,2021-05-17 20:29:54.081440,337,False,4,,0
word,1,2021-05-17 20:29:54.084441,1143,True,4,,0
key_press,1,2021-05-17 20:29:54.219821,135,False,4,,0
key_press,1,2021-05-17 20:29:54.374369,152,False,4,,0
key_press,1,2021-05-17 20:29:54.499351,122,False,4,,0
key_press,1,2021-05-17 20:29:54.632364,130,False,4,,0
key_press,1,2021-05-17 20:29:54.758428,123,False,4,,0
key_press,1,2021-05-17 20:29:54.961303,200,False,4,,0
key_press,1,2021-05-17 20:29:54.987640,22,False,4,,0
word,1,2021-05-17 20:29:54.990641,903,True,4,,0
key_press,1,2021-05-17 20:29:55.136578,146,False,4,,0
key_press,1,2021-05-17 20:29:55.263449,124,False,4,,0
key_press,1,2021-05-17 20:29:55.320397,54,False,4,,0
word,1,2021-05-17 20:29:55.323398,331,True,4,,0
key_press,1,2021-05-17 20:29:55.462378,139,False,4,,0
key_press,1,2021-05-17 20:29:55.492387,27,False,4,,0
key_press,1,2021-05-17 20:29:55.640313,145,False,4,,0
key_press,1,2021-05-17 20:29:56.000395,357,False,4,,0
sentence,1,2021-05-17 20:29:56.392428,13021,True,5,69.1191152753245,0
key_press,1,2021-05-17 20:29:57.247443,852,False,0,,0
key_press,1,2021-05-17 20:29:57.443647,193,False,0,,0
key_press,1,2021-05-17 20:29:57.645339,199,False,0,,0
key_press,1,2021-05-17 20:29:57.754442,106,False,0,,0
key_press,1,2021-05-17 20:29:57.835472,78,False,0,,0
word,1,2021-05-17 20:29:57.838472,1443,False,0,,0
key_press,1,2021-05-17 20:29:57.938446,100,False,0,,0
key_press,1,2021-05-17 20:29:58.052376,111,False,0,,0
key_press,1,2021-05-17 20:29:58.223450,168,False,0,,0
key_press,1,2021-05-17 20:29:58.293375,67,False,0,,0
key_press,1,2021-05-17 20:29:58.515442,219,False,0,,0
key_press,1,2021-05-17 20:29:58.605443,87,False,0,,0
word,1,2021-05-17 20:29:58.608445,767,False,0,,0
key_press,1,2021-05-17 20:29:58.734371,126,False,0,,0
key_press,1,2021-05-17 20:29:59.106425,369,False,0,,1
key_press,1,2021-05-17 20:29:59.109426,0,False,0,,1
word,1,2021-05-17 20:29:59.112426,502,False,0,,1
key_press,1,2021-05-17 20:29:59.277375,165,False,0,,1
key_press,1,2021-05-17 20:29:59.551377,271,False,0,,1
key_press,1,2021-05-17 20:29:59.740365,186,False,0,,1
word,1,2021-05-17 20:29:59.743366,628,False,0,,1
key_press,1,2021-05-17 20:29:59.944428,201,False,0,,1
key_press,1,2021-05-17 20:30:00.115422,168,False,0,,1
key_press,1,2021-05-17 20:30:00.949347,831,False,0,,1
key_press,1,2021-05-17 20:30:01.463386,511,False,0,,1
key_press,1,2021-05-17 20:30:01.630441,164,False,1,,1
word,1,2021-05-17 20:30:01.633442,1887,True,1,,1
key_press,1,2021-05-17 20:30:01.749452,116,False,1,,1
key_press,1,2021-05-17 20:30:01.858395,106,False,1,,1
key_press,1,2021-05-17 20:30:01.966633,105,False,1,,1
key_press,1,2021-05-17 20:30:02.059309,91,False,1,,1
word,1,2021-05-17 20:30:02.062310,427,True,1,,1
key_press,1,2021-05-17 20:30:02.168423,106,False,1,,1
key_press,1,2021-05-17 20:30:02.256062,85,False,1,,1
key_press,1,2021-05-17 20:30:02.371957,113,False,1,,1
key_press,1,2021-05-17 20:30:02.579956,206,False,1,,1
key_press,1,2021-05-17 20:30:02.787297,206,False,1,,1
word,1,2021-05-17 20:30:02.790297,725,True,1,,1
key_press,1,2021-05-17 20:30:02.952267,162,False,1,,1
key_press,1,2021-05-17 20:30:03.084428,129,False,1,,1
key_press,1,2021-05-17 20:30:03.166467,79,False,1,,1
word,1,2021-05-17 20:30:03.169469,376,True,1,,1
key_press,1,2021-05-17 20:30:03.283344,114,False,1,,1
key_press,1,2021-05-17 20:30:03.369291,83,False,1,,1
key_press,1,2021-05-17 20:30:03.547306,175,False,1,,1
key_press,1,2021-05-17 20:30:03.966389,416,False,1,,1
key_press,1,2021-05-17 20:30:04.202329,233,False,2,,1
word,1,2021-05-17 20:30:04.205330,1034,True,2,,1
key_press,1,2021-05-17 20:30:04.373378,168,False,2,,1
key_press,1,2021-05-17 20:30:04.494297,118,False,2,,1
key_press,1,2021-05-17 20:30:04.634440,137,False,2,,1
key_press,1,2021-05-17 20:30:04.711296,74,False,2,,1
key_press,1,2021-05-17 20:30:04.852375,138,False,2,,1
key_press,1,2021-05-17 20:30:05.311376,456,False,2,,1
key_press,1,2021-05-17 20:30:05.575457,262,False,3,,1
word,1,2021-05-17 20:30:05.578458,1370,True,3,,1
key_press,1,2021-05-17 20:30:05.821442,243,False,3,,1
key_press,1,2021-05-17 20:30:05.990448,166,False,3,,1
key_press,1,2021-05-17 20:30:06.151441,158,False,3,,1
key_press,1,2021-05-17 20:30:06.307374,153,False,3,,1
key_press,1,2021-05-17 20:30:06.376266,66,False,3,,1
key_press,1,2021-05-17 20:30:06.476270,97,False,3,,1
key_press,1,2021-05-17 20:30:06.705354,226,False,3,,1
key_press,1,2021-05-17 20:30:06.920441,212,False,3,,1
key_press,1,2021-05-17 20:30:07.070304,147,False,3,,1
key_press,1,2021-05-17 20:30:07.607377,535,False,4,,1
word,1,2021-05-17 20:30:07.610377,2029,True,4,,1
key_press,1,2021-05-17 20:30:07.808375,198,False,4,,1
key_press,1,2021-05-17 20:30:07.881445,70,False,4,,1
key_press,1,2021-05-17 20:30:08.092432,208,False,4,,1
key_press,1,2021-05-17 20:30:08.658566,563,False,4,,1
key_press,1,2021-05-17 20:30:08.957462,296,False,5,,1
word,1,2021-05-17 20:30:08.960463,1347,True,5,,1
key_press,1,2021-05-17 20:30:09.115440,155,False,5,,1
key_press,1,2021-05-17 20:30:09.241296,123,False,5,,1
key_press,1,2021-05-17 20:30:09.389446,145,False,5,,1
key_press,1,2021-05-17 20:30:09.452302,61,False,5,,1
word,1,2021-05-17 20:30:09.456303,493,True,5,,1
key_press,1,2021-05-17 20:30:09.588298,132,False,5,,1
key_press,1,2021-05-17 20:30:09.661558,70,False,5,,1
key_press,1,2021-05-17 20:30:09.846378,182,False,5,,1
key_press,1,2021-05-17 20:30:09.991280,142,False,5,,1
key_press,1,2021-05-17 20:30:10.194365,200,False,5,,1
key_press,1,2021-05-17 20:30:10.459481,263,False,6,,1
word,1,2021-05-17 20:30:10.462482,1003,True,6,,1
key_press,1,2021-05-17 20:30:10.597385,135,False,6,,1
key_press,1,2021-05-17 20:30:10.726374,126,False,6,,1
key_press,1,2021-05-17 20:30:10.822427,93,False,6,,1
key_press,1,2021-05-17 20:30:10.999307,174,False,6,,1
key_press,1,2021-05-17 20:30:11.040316,38,False,6,,1
key_press,1,2021-05-17 20:30:11.357309,314,False,6,,1
sentence,1,2021-05-17 20:30:11.788356,15393,True,7,54.5702592087312,1
key_press,1,2021-05-17 20:30:12.653348,862,False,0,,1
key_press,1,2021-05-17 20:30:12.927663,270,False,0,,1
key_press,1,2021-05-17 20:30:13.013224,83,False,0,,1
word,1,2021-05-17 20:30:13.016225,1225,False,0,,1
key_press,1,2021-05-17 20:30:13.124454,108,False,0,,1
key_press,1,2021-05-17 20:30:13.205389,78,False,0,,1
key_press,1,2021-05-17 20:30:13.307377,99,False,0,,1
key_press,1,2021-05-17 20:30:13.523468,213,False,0,,1
key_press,1,2021-05-17 20:30:13.601441,75,False,0,,1
key_press,1,2021-05-17 20:30:13.677304,73,False,0,,1
word,1,2021-05-17 20:30:13.680306,661,False,0,,1
key_press,1,2021-05-17 20:30:13.794445,114,False,0,,1
key_press,1,2021-05-17 20:30:13.952442,154,False,0,,1
key_press,1,2021-05-17 20:30:14.131365,176,False,0,,1
key_press,1,2021-05-17 20:30:14.220375,86,False,0,,1
key_press,1,2021-05-17 20:30:14.342389,119,False,0,,1
key_press,1,2021-05-17 20:30:14.785430,440,False,0,,1
key_press,1,2021-05-17 20:30:15.387382,600,False,1,,1
word,1,2021-05-17 20:30:15.390383,1707,True,1,,1
key_press,1,2021-05-17 20:30:15.568359,178,False,1,,1
key_press,1,2021-05-17 20:30:15.701173,130,False,1,,1
key_press,1,2021-05-17 20:30:15.794388,90,False,1,,1
key_press,1,2021-05-17 20:30:15.883448,86,False,1,,1
key_press,1,2021-05-17 20:30:16.932376,1046,False,1,,1
key_press,1,2021-05-17 20:30:17.310352,375,False,2,,1
word,1,2021-05-17 20:30:17.313353,1920,True,2,,1
key_press,1,2021-05-17 20:30:17.525302,212,False,2,,1
key_press,1,2021-05-17 20:30:17.651446,123,False,2,,1
key_press,1,2021-05-17 20:30:17.788385,134,False,2,,1
key_press,1,2021-05-17 20:30:17.941448,150,False,2,,1
word,1,2021-05-17 20:30:17.944449,628,True,2,,1
key_press,1,2021-05-17 20:30:18.067447,123,False,2,,1
key_press,1,2021-05-17 20:30:18.178442,108,False,2,,1
key_press,1,2021-05-17 20:30:18.325441,144,False,2,,1
key_press,1,2021-05-17 20:30:18.512389,184,False,2,,1
key_press,1,2021-05-17 20:30:18.846363,331,False,2,,1
key_press,1,2021-05-17 20:30:19.191300,342,False,3,,1
word,1,2021-05-17 20:30:19.194300,1247,True,3,,1
key_press,1,2021-05-17 20:30:19.356452,162,False,3,,1
key_press,1,2021-05-17 20:30:19.567374,208,False,3,,1
key_press,1,2021-05-17 20:30:19.697409,127,False,3,,1
word,1,2021-05-17 20:30:19.700410,503,True,3,,1
key_press,1,2021-05-17 20:30:19.785373,85,False,3,,1
key_press,1,2021-05-17 20:30:19.965374,177,False,3,,1
key_press,1,2021-05-17 20:30:20.061304,93,False,3,,1
key_press,1,2021-05-17 20:30:20.189379,125,False,3,,1
word,1,2021-05-17 20:30:20.192380,489,True,3,,1
key_press,1,2021-05-17 20:30:20.332427,140,False,3,,1
key_press,1,2021-05-17 20:30:20.386445,51,False,3,,1
key_press,1,2021-05-17 20:30:20.609295,220,False,3,,1
key_press,1,2021-05-17 20:30:20.798427,186,False,3,,1
key_press,1,2021-05-17 20:30:20.997440,195,False,3,,1
key_press,1,2021-05-17 20:30:21.069292,69,False,3,,1
key_press,1,2021-05-17 20:30:21.151655,79,False,3,,1
word,1,2021-05-17 20:30:21.154658,959,True,3,,1
key_press,1,2021-05-17 20:30:21.302297,148,False,3,,1
key_press,1,2021-05-17 20:30:21.371407,66,False,3,,1
key_press,1,2021-05-17 20:30:21.635308,261,False,3,,1
key_press,1,2021-05-17 20:30:21.703380,65,False,3,,1
key_press,1,2021-05-17 20:30:22.029375,323,False,3,,1
key_press,1,2021-05-17 20:30:22.217581,185,False,4,,1
word,1,2021-05-17 20:30:22.220581,1064,True,4,,1
key_press,1,2021-05-17 20:30:22.369374,149,False,4,,1
key_press,1,2021-05-17 20:30:22.474427,102,False,4,,1
key_press,1,2021-05-17 20:30:22.604427,127,False,4,,1
key_press,1,2021-05-17 20:30:22.681384,74,False,4,,1
word,1,2021-05-17 20:30:22.684385,461,True,4,,1
key_press,1,2021-05-17 20:30:22.850293,166,False,4,,1
key_press,1,2021-05-17 20:30:22.951294,98,False,4,,1
key_press,1,2021-05-17 20:30:23.153293,199,False,4,,1
key_press,1,2021-05-17 20:30:23.369400,213,False,4,,1
key_press,1,2021-05-17 20:30:23.564444,191,False,4,,1
key_press,1,2021-05-17 20:30:24.574440,1007,False,4,,2
key_press,1,2021-05-17 20:30:24.577441,0,False,4,,2
key_press,1,2021-05-17 20:30:25.085315,505,False,4,,3
key_press,1,2021-05-17 20:30:25.088316,0,False,4,,3
key_press,1,2021-05-17 20:30:25.116712,25,False,4,,4
key_press,1,2021-05-17 20:30:25.119723,0,False,4,,4
key_press,1,2021-05-17 20:30:25.147308,25,False,4,,5
key_press,1,2021-05-17 20:30:25.150308,0,False,4,,5
key_press,1,2021-05-17 20:30:25.178489,25,False,4,,6
key_press,1,2021-05-17 20:30:25.181491,0,False,4,,6
word,1,2021-05-17 20:30:25.184491,2497,True,4,,6
key_press,1,2021-05-17 20:30:25.210081,26,False,4,,7
key_press,1,2021-05-17 20:30:25.213081,0,False,4,,7
key_press,1,2021-05-17 20:30:25.242205,26,False,4,,8
key_press,1,2021-05-17 20:30:25.244866,0,False,4,,8
key_press,1,2021-05-17 20:30:25.668376,421,False,4,,9
key_press,1,2021-05-17 20:30:25.671377,0,False,4,,9
key_press,1,2021-05-17 20:30:25.873376,199,False,4,,10
key_press,1,2021-05-17 20:30:25.876376,0,False,4,,10
word,1,2021-05-17 20:30:25.879377,692,True,4,,10
key_press,1,2021-05-17 20:30:26.092440,213,False,4,,10
key_press,1,2021-05-17 20:30:26.172442,77,False,4,,10
key_press,1,2021-05-17 20:30:26.277343,102,False,4,,10
word,1,2021-05-17 20:30:26.280344,399,True,4,,10
key_press,1,2021-05-17 20:30:26.424380,144,False,4,,10
key_press,1,2021-05-17 20:30:26.599440,172,False,4,,10
key_press,1,2021-05-17 20:30:26.727376,125,False,4,,10
key_press,1,2021-05-17 20:30:26.862397,132,False,4,,10
word,1,2021-05-17 20:30:26.866398,583,True,4,,10
key_press,1,2021-05-17 20:30:27.002385,136,False,4,,10
key_press,1,2021-05-17 20:30:27.125453,120,False,4,,10
key_press,1,2021-05-17 20:30:27.294466,166,False,4,,10
key_press,1,2021-05-17 20:30:27.846383,549,False,4,,11
key_press,1,2021-05-17 20:30:27.849384,0,False,4,,11
key_press,1,2021-05-17 20:30:28.205598,353,False,4,,11
key_press,1,2021-05-17 20:30:28.445374,237,False,4,,11
key_press,1,2021-05-17 20:30:28.629303,181,False,4,,11
key_press,1,2021-05-17 20:30:28.735394,103,False,4,,11
word,1,2021-05-17 20:30:28.738395,1869,True,4,,11
key_press,1,2021-05-17 20:30:28.827304,89,False,4,,11
key_press,1,2021-05-17 20:30:28.991303,161,False,4,,11
key_press,1,2021-05-17 20:30:29.087307,93,False,4,,11
word,1,2021-05-17 20:30:29.090308,350,True,4,,11
key_press,1,2021-05-17 20:30:29.247337,157,False,4,,11
key_press,1,2021-05-17 20:30:29.378444,127,False,4,,11
key_press,1,2021-05-17 20:30:29.529439,148,False,4,,11
key_press,1,2021-05-17 20:30:29.649440,117,False,4,,11
key_press,1,2021-05-17 20:30:29.848382,196,False,4,,11
key_press,1,2021-05-17 20:30:30.080442,229,False,4,,11
key_press,1,2021-05-17 20:30:30.652374,569,False,5,,11
word,1,2021-05-17 20:30:30.656376,1563,True,5,,11
key_press,1,2021-05-17 20:30:30.831375,175,False,5,,11
key_press,1,2021-05-17 20:30:30.941294,107,False,5,,11
key_press,1,2021-05-17 20:30:31.025379,81,False,5,,11
word,1,2021-05-17 20:30:31.028380,369,True,5,,11
key_press,1,2021-05-17 20:30:31.154799,126,False,5,,11
key_press,1,2021-05-17 20:30:31.223344,66,False,5,,11
key_press,1,2021-05-17 20:30:31.436380,210,False,5,,11
key_press,1,2021-05-17 20:30:31.504399,65,False,5,,11
key_press,1,2021-05-17 20:30:31.625134,119,False,5,,11
key_press,1,2021-05-17 20:30:31.638405,10,False,5,,11
word,1,2021-05-17 20:30:31.641406,610,True,5,,11
key_press,1,2021-05-17 20:30:31.743426,102,False,5,,11
key_press,1,2021-05-17 20:30:31.939375,193,False,5,,11
key_press,1,2021-05-17 20:30:32.007460,65,False,5,,11
word,1,2021-05-17 20:30:32.010461,367,True,5,,11
key_press,1,2021-05-17 20:30:32.151403,141,False,5,,11
key_press,1,2021-05-17 20:30:32.331294,177,False,5,,11
key_press,1,2021-05-17 20:30:32.477309,143,False,5,,11
key_press,1,2021-05-17 20:30:32.794396,314,False,5,,11
key_press,1,2021-05-17 20:30:33.014397,217,False,5,,11
word,1,2021-05-17 20:30:33.017398,1004,True,5,,11
key_press,1,2021-05-17 20:30:33.171439,154,False,5,,11
key_press,1,2021-05-17 20:30:33.302389,128,False,5,,11
key_press,1,2021-05-17 20:30:33.452380,146,False,5,,11
key_press,1,2021-05-17 20:30:33.582458,127,False,5,,11
key_press,1,2021-05-17 20:30:33.713377,128,False,5,,11
key_press,1,2021-05-17 20:30:34.367386,651,False,6,,11
word,1,2021-05-17 20:30:34.370387,1350,True,6,,11
key_press,1,2021-05-17 20:30:34.545392,175,False,6,,11
key_press,1,2021-05-17 20:30:34.731445,183,False,6,,11
key_press,1,2021-05-17 20:30:34.816467,82,False,6,,11
key_press,1,2021-05-17 20:30:34.911384,92,False,6,,11
word,1,2021-05-17 20:30:34.914384,541,True,6,,11
key_press,1,2021-05-17 20:30:35.001426,87,False,6,,11
key_press,1,2021-05-17 20:30:35.076255,72,False,6,,11
key_press,1,2021-05-17 20:30:35.267384,188,False,6,,11
key_press,1,2021-05-17 20:30:35.928446,658,False,6,,11
key_press,1,2021-05-17 20:30:36.150376,219,False,7,,11
word,1,2021-05-17 20:30:36.153377,1237,True,7,,11
key_press,1,2021-05-17 20:30:36.496426,343,False,7,,11
key_press,1,2021-05-17 20:30:36.707443,208,False,7,,11
key_press,1,2021-05-17 20:30:36.833393,123,False,7,,11
word,1,2021-05-17 20:30:36.836393,679,True,7,,11
key_press,1,2021-05-17 20:30:36.946460,110,False,7,,11
key_press,1,2021-05-17 20:30:37.053373,104,False,7,,11
key_press,1,2021-05-17 20:30:37.158300,102,False,7,,11
key_press,1,2021-05-17 20:30:37.238403,77,False,7,,11
word,1,2021-05-17 20:30:37.241404,402,True,7,,11
key_press,1,2021-05-17 20:30:37.446690,205,False,7,,11
key_press,1,2021-05-17 20:30:37.648689,199,False,7,,11
key_press,1,2021-05-17 20:30:37.755361,104,False,7,,11
key_press,1,2021-05-17 20:30:37.926380,168,False,7,,11
key_press,1,2021-05-17 20:30:38.044758,115,False,7,,11
key_press,1,2021-05-17 20:30:38.379292,332,False,8,,11
word,1,2021-05-17 20:30:38.382293,1138,True,8,,11
key_press,1,2021-05-17 20:30:38.640447,258,False,8,,11
key_press,1,2021-05-17 20:30:38.693380,50,False,8,,11
key_press,1,2021-05-17 20:30:38.824440,128,False,8,,11
key_press,1,2021-05-17 20:30:38.922295,95,False,8,,11
key_press,1,2021-05-17 20:30:39.047313,122,False,8,,11
word,1,2021-05-17 20:30:39.050314,665,True,8,,11
key_press,1,2021-05-17 20:30:39.153382,103,False,8,,11
key_press,1,2021-05-17 20:30:39.211426,55,False,8,,11
key_press,1,2021-05-17 20:30:39.456372,242,False,8,,11
key_press,1,2021-05-17 20:30:39.922426,463,False,8,,11
key_press,1,2021-05-17 20:30:40.247378,322,False,9,,11
word,1,2021-05-17 20:30:40.250379,1197,True,9,,11
key_press,1,2021-05-17 20:30:40.364351,114,False,9,,11
key_press,1,2021-05-17 20:30:40.454294,87,False,9,,11
key_press,1,2021-05-17 20:30:40.622212,165,False,9,,11
key_press,1,2021-05-17 20:30:40.823374,198,False,9,,11
key_press,1,2021-05-17 20:30:41.221413,395,False,9,,11
key_press,1,2021-05-17 20:30:41.833437,610,False,10,,11
word,1,2021-05-17 20:30:41.836440,1583,True,10,,11
key_press,1,2021-05-17 20:30:42.239305,403,False,10,,11
key_press,1,2021-05-17 20:30:42.394429,152,False,10,,11
key_press,1,2021-05-17 20:30:42.512862,115,False,10,,11
word,1,2021-05-17 20:30:42.515863,676,True,10,,11
key_press,1,2021-05-17 20:30:42.595345,80,False,10,,11
key_press,1,2021-05-17 20:30:42.712376,114,False,10,,11
key_press,1,2021-05-17 20:30:42.819292,104,False,10,,11
key_press,1,2021-05-17 20:30:42.903377,81,False,10,,11
word,1,2021-05-17 20:30:42.907378,390,True,10,,11
key_press,1,2021-05-17 20:30:43.007408,100,False,10,,11
key_press,1,2021-05-17 20:30:43.109375,99,False,10,,11
key_press,1,2021-05-17 20:30:43.184340,72,False,10,,11
key_press,1,2021-05-17 20:30:43.633297,446,False,10,,11
key_press,1,2021-05-17 20:30:43.804909,168,False,11,,11
word,1,2021-05-17 20:30:43.806910,896,True,11,,11
key_press,1,2021-05-17 20:30:43.997404,191,False,11,,11
key_press,1,2021-05-17 20:30:44.082378,82,False,11,,11
key_press,1,2021-05-17 20:30:44.184425,99,False,11,,11
word,1,2021-05-17 20:30:44.187856,378,True,11,,11
key_press,1,2021-05-17 20:30:44.287446,100,False,11,,11
key_press,1,2021-05-17 20:30:44.506448,216,False,11,,11
key_press,1,2021-05-17 20:30:44.580345,71,False,11,,11
key_press,1,2021-05-17 20:30:44.685384,102,False,11,,11
word,1,2021-05-17 20:30:44.688384,499,True,11,,11
key_press,1,2021-05-17 20:30:44.806380,118,False,11,,11
key_press,1,2021-05-17 20:30:44.924388,115,False,11,,11
key_press,1,2021-05-17 20:30:45.033385,106,False,11,,11
key_press,1,2021-05-17 20:30:45.346663,310,False,11,,11
key_press,1,2021-05-17 20:30:45.751404,402,False,11,,11
key_press,1,2021-05-17 20:30:46.484293,730,False,12,,11
word,1,2021-05-17 20:30:46.488294,1797,True,12,,11
key_press,1,2021-05-17 20:30:46.644425,156,False,12,,11
key_press,1,2021-05-17 20:30:46.789395,142,False,12,,11
key_press,1,2021-05-17 20:30:47.005397,213,False,12,,11
key_press,1,2021-05-17 20:30:47.178425,170,False,12,,11
word,1,2021-05-17 20:30:47.181293,691,True,12,,11
key_press,1,2021-05-17 20:30:47.295373,114,False,12,,11
key_press,1,2021-05-17 20:30:47.419327,121,False,12,,11
key_press,1,2021-05-17 20:30:47.570303,148,False,12,,11
key_press,1,2021-05-17 20:30:48.163400,590,False,12,,11
key_press,1,2021-05-17 20:30:48.545388,379,False,13,,11
word,1,2021-05-17 20:30:48.548389,1364,True,13,,11
key_press,1,2021-05-17 20:30:48.734309,186,False,13,,11
key_press,1,2021-05-17 20:30:49.038307,301,False,13,,11
key_press,1,2021-05-17 20:30:49.407379,366,False,13,,11
word,1,2021-05-17 20:30:49.410380,859,True,13,,11
key_press,1,2021-05-17 20:30:49.574425,164,False,13,,11
key_press,1,2021-05-17 20:30:49.779291,202,False,13,,11
key_press,1,2021-05-17 20:30:49.899377,117,False,13,,11
key_press,1,2021-05-17 20:30:50.027309,125,False,13,,11
word,1,2021-05-17 20:30:50.030309,617,True,13,,11
key_press,1,2021-05-17 20:30:50.166653,136,False,13,,11
key_press,1,2021-05-17 20:30:50.276030,107,False,13,,11
key_press,1,2021-05-17 20:30:50.447444,168,False,13,,11
key_press,1,2021-05-17 20:30:50.674454,224,False,13,,11
key_press,1,2021-05-17 20:30:50.743425,66,False,13,,11
key_press,1,2021-05-17 20:30:50.865373,118,False,13,,11
key_press,1,2021-05-17 20:30:51.123378,255,False,14,,11
word,1,2021-05-17 20:30:51.126378,1093,True,14,,11
key_press,1,2021-05-17 20:30:51.237311,111,False,14,,11
key_press,1,2021-05-17 20:30:51.345392,105,False,14,,11
key_press,1,2021-05-17 20:30:51.528375,180,False,14,,11
key_press,1,2021-05-17 20:30:51.614298,83,False,14,,11
key_press,1,2021-05-17 20:30:51.840300,222,False,14,,11
key_press,1,2021-05-17 20:30:52.146443,303,False,14,,11
sentence,1,2021-05-17 20:30:52.504298,40713,True,15,61.8966914744676,11
key_press,2,2021-05-17 20:34:38.151463,173,False,0,,0
key_press,2,2021-05-17 20:34:38.264441,105,False,0,,0
key_press,2,2021-05-17 20:34:38.430993,158,False,0,,0
key_press,2,2021-05-17 20:34:38.979635,537,False,0,,0
key_press,2,2021-05-17 20:34:39.668597,681,False,1,,0
word,2,2021-05-17 20:34:39.684826,1706,True,1,,0
key_press,2,2021-05-17 20:34:40.201294,517,False,1,,0
key_press,2,2021-05-17 20:34:40.424476,215,False,1,,0
key_press,2,2021-05-17 20:34:40.574751,142,False,1,,0
key_press,2,2021-05-17 20:34:40.704549,122,False,1,,0
key_press,2,2021-05-17 20:34:41.046421,334,False,1,,0
key_press,2,2021-05-17 20:34:42.221967,1164,False,2,,0
word,2,2021-05-17 20:34:42.230737,2536,True,2,,0
key_press,2,2021-05-17 20:34:42.434505,204,False,2,,0
key_press,2,2021-05-17 20:34:42.620776,178,False,2,,0
key_press,2,2021-05-17 20:34:42.950649,321,False,2,,0
key_press,2,2021-05-17 20:34:43.209105,251,False,2,,0
key_press,2,2021-05-17 20:34:43.990906,772,False,2,,0
word,2,2021-05-17 20:34:43.999664,1761,True,2,,0
key_press,2,2021-05-17 20:34:44.410030,411,False,2,,0
key_press,2,2021-05-17 20:34:44.592573,174,False,2,,0
key_press,2,2021-05-17 20:34:44.774553,174,False,2,,0
key_press,2,2021-05-17 20:34:45.290556,508,False,2,,0
word,2,2021-05-17 20:34:45.298583,1291,True,2,,0
key_press,2,2021-05-17 20:34:45.585581,287,False,2,,0
key_press,2,2021-05-17 20:34:45.797832,204,False,2,,0
key_press,2,2021-05-17 20:34:45.938666,132,False,2,,0
key_press,2,2021-05-17 20:34:46.337115,389,False,2,,0
key_press,2,2021-05-17 20:34:47.018402,672,False,3,,0
word,2,2021-05-17 20:34:47.026698,1720,True,3,,0
key_press,2,2021-05-17 20:34:47.307551,281,False,3,,0
key_press,2,2021-05-17 20:34:47.439413,123,False,3,,0
key_press,2,2021-05-17 20:34:47.547236,100,False,3,,0
key_press,2,2021-05-17 20:34:47.699788,143,False,3,,0
word,2,2021-05-17 20:34:47.708199,674,True,3,,0
key_press,2,2021-05-17 20:34:48.085713,377,False,3,,0
key_press,2,2021-05-17 20:34:48.174299,81,False,3,,0
key_press,2,2021-05-17 20:34:48.295232,113,False,3,,0
key_press,2,2021-05-17 20:34:48.518797,215,False,3,,0
key_press,2,2021-05-17 20:34:48.768627,241,False,3,,0
key_press,2,2021-05-17 20:34:49.368735,592,False,4,,0
word,2,2021-05-17 20:34:49.377861,1662,True,4,,0
key_press,2,2021-05-17 20:34:49.585215,208,False,4,,0
key_press,2,2021-05-17 20:34:49.731349,135,False,4,,0
key_press,2,2021-05-17 20:34:49.996912,257,False,4,,0
key_press,2,2021-05-17 20:34:50.817778,812,False,4,,0
sentence,2,2021-05-17 20:34:51.140144,13163,True,5,31.9076198435007,0
key_press,2,2021-05-17 20:34:52.105228,956,False,0,,0
key_press,2,2021-05-17 20:34:52.314583,201,False,0,,0
key_press,2,2021-05-17 20:34:52.504690,182,False,0,,0
key_press,2,2021-05-17 20:34:52.640963,128,False,0,,0
word,2,2021-05-17 20:34:52.649876,1500,False,0,,0
key_press,2,2021-05-17 20:34:52.789121,140,False,0,,0
key_press,2,2021-05-17 20:34:52.910379,113,False,0,,0
key_press,2,2021-05-17 20:34:53.044689,125,False,0,,0
key_press,2,2021-05-17 20:34:53.256056,204,False,0,,0
key_press,2,2021-05-17 20:34:53.557349,293,False,0,,0
key_press,2,2021-05-17 20:34:53.888434,322,False,1,,0
word,2,2021-05-17 20:34:53.896472,1237,True,1,,0
key_press,2,2021-05-17 20:34:54.160574,264,False,1,,0
key_press,2,2021-05-17 20:34:54.285153,116,False,1,,0
key_press,2,2021-05-17 20:34:54.485314,192,False,1,,0
key_press,2,2021-05-17 20:34:54.761445,269,False,1,,0
key_press,2,2021-05-17 20:34:55.083027,313,False,1,,0
word,2,2021-05-17 20:34:55.091170,1187,True,1,,0
key_press,2,2021-05-17 20:34:55.280936,189,False,1,,0
key_press,2,2021-05-17 20:34:55.392213,103,False,1,,0
key_press,2,2021-05-17 20:34:55.574032,174,False,1,,0
key_press,2,2021-05-17 20:34:55.810005,228,False,1,,0
key_press,2,2021-05-17 20:34:55.980723,162,False,1,,0
word,2,2021-05-17 20:34:55.988802,889,True,1,,0
key_press,2,2021-05-17 20:34:56.097950,109,False,1,,0
key_press,2,2021-05-17 20:34:56.219234,113,False,1,,0
key_press,2,2021-05-17 20:34:56.395365,168,False,1,,0
key_press,2,2021-05-17 20:34:56.653980,250,False,1,,0
key_press,2,2021-05-17 20:34:56.892578,229,False,1,,0
key_press,2,2021-05-17 20:34:57.874429,974,False,2,,0
word,2,2021-05-17 20:34:57.882630,1886,True,2,,0
key_press,2,2021-05-17 20:34:57.994188,112,False,2,,0
key_press,2,2021-05-17 20:34:58.138483,135,False,2,,0
key_press,2,2021-05-17 20:34:58.251008,104,False,2,,0
key_press,2,2021-05-17 20:34:58.682277,423,False,2,,0
key_press,2,2021-05-17 20:34:59.882362,1192,False,3,,0
word,2,2021-05-17 20:34:59.891037,2001,True,3,,0
key_press,2,2021-05-17 20:35:00.039593,149,False,3,,0
key_press,2,2021-05-17 20:35:00.132068,84,False,3,,0
key_press,2,2021-05-17 20:35:00.322888,182,False,3,,0
key_press,2,2021-05-17 20:35:00.815454,484,False,3,,0
key_press,2,2021-05-17 20:35:01.938754,1112,False,4,,0
word,2,2021-05-17 20:35:01.947380,2048,True,4,,0
key_press,2,2021-05-17 20:35:02.125610,178,False,4,,0
key_press,2,2021-05-17 20:35:02.287763,153,False,4,,0
key_press,2,2021-05-17 20:35:02.452488,156,False,4,,0
key_press,2,2021-05-17 20:35:02.988560,527,False,4,,0
key_press,2,2021-05-17 20:35:03.502411,505,False,5,,0
word,2,2021-05-17 20:35:03.511388,1555,True,5,,0
key_press,2,2021-05-17 20:35:03.744210,233,False,5,,0
key_press,2,2021-05-17 20:35:03.921671,169,False,5,,0
key_press,2,2021-05-17 20:35:04.112266,182,False,5,,0
word,2,2021-05-17 20:35:04.123307,603,True,5,,0
key_press,2,2021-05-17 20:35:04.293690,170,False,5,,0
key_press,2,2021-05-17 20:35:04.517614,214,False,5,,0
key_press,2,2021-05-17 20:35:04.732470,206,False,5,,0
key_press,2,2021-05-17 20:35:05.256604,515,False,5,,0
key_press,2,2021-05-17 20:35:06.178659,913,False,6,,0
word,2,2021-05-17 20:35:06.187478,2055,True,6,,0
key_press,2,2021-05-17 20:35:06.327593,140,False,6,,0
key_press,2,2021-05-17 20:35:06.483377,147,False,6,,0
key_press,2,2021-05-17 20:35:07.045187,554,False,6,,0
key_press,2,2021-05-17 20:35:07.182402,129,False,6,,0
word,2,2021-05-17 20:35:07.192010,997,True,6,,0
key_press,2,2021-05-17 20:35:07.429837,238,False,6,,0
key_press,2,2021-05-17 20:35:07.610516,172,False,6,,0
key_press,2,2021-05-17 20:35:07.722668,104,False,6,,0
key_press,2,2021-05-17 20:35:07.873661,142,False,6,,0
word,2,2021-05-17 20:35:07.882290,682,True,6,,0
key_press,2,2021-05-17 20:35:08.281874,399,False,6,,0
key_press,2,2021-05-17 20:35:08.571017,281,False,6,,0
key_press,2,2021-05-17 20:35:09.140699,561,False,6,,0
key_press,2,2021-05-17 20:35:09.359205,210,False,6,,0
key_press,2,2021-05-17 20:35:09.662151,291,False,6,,0
key_press,2,2021-05-17 20:35:10.205042,533,False,7,,0
word,2,2021-05-17 20:35:10.216178,2326,True,7,,0
key_press,2,2021-05-17 20:35:10.559105,343,False,7,,0
key_press,2,2021-05-17 20:35:10.802233,235,False,7,,0
key_press,2,2021-05-17 20:35:10.988596,178,False,7,,0
key_press,2,2021-05-17 20:35:11.427182,430,False,7,,0
key_press,2,2021-05-17 20:35:11.860746,423,False,8,,0
word,2,2021-05-17 20:35:11.869497,1645,True,8,,0
key_press,2,2021-05-17 20:35:12.068059,199,False,8,,0
key_press,2,2021-05-17 20:35:12.232189,156,False,8,,0
key_press,2,2021-05-17 20:35:12.488329,248,False,8,,0
word,2,2021-05-17 20:35:12.497431,619,True,8,,0
key_press,2,2021-05-17 20:35:12.694779,197,False,8,,0
key_press,2,2021-05-17 20:35:13.290992,578,False,8,,0
key_press,2,2021-05-17 20:35:13.515034,215,False,8,,0
key_press,2,2021-05-17 20:35:13.975057,452,False,8,,0
sentence,2,2021-05-17 20:35:14.589225,23440,True,9,38.3959044368601,0
key_press,2,2021-05-17 20:35:15.992053,1394,False,0,,0
key_press,2,2021-05-17 20:35:16.335004,334,False,0,,0
key_press,2,2021-05-17 20:35:16.585452,241,False,0,,0
key_press,2,2021-05-17 20:35:16.768809,175,False,0,,0
key_press,2,2021-05-17 20:35:16.876139,98,False,0,,0
word,2,2021-05-17 20:35:16.885511,2287,False,0,,0
key_press,2,2021-05-17 20:35:17.082241,197,False,0,,0
key_press,2,2021-05-17 20:35:17.320946,230,False,0,,0
key_press,2,2021-05-17 20:35:17.550833,221,False,0,,0
key_press,2,2021-05-17 20:35:17.648470,88,False,0,,0
key_press,2,2021-05-17 20:35:18.125152,468,False,0,,0
key_press,2,2021-05-17 20:35:19.480481,1345,False,1,,0
word,2,2021-05-17 20:35:19.489318,2596,True,1,,0
key_press,2,2021-05-17 20:35:19.633432,144,False,1,,0
key_press,2,2021-05-17 20:35:19.749538,107,False,1,,0
key_press,2,2021-05-17 20:35:20.043018,285,False,1,,0
word,2,2021-05-17 20:35:20.052032,555,True,1,,0
key_press,2,2021-05-17 20:35:20.336443,285,False,1,,0
key_press,2,2021-05-17 20:35:20.410808,66,False,1,,0
key_press,2,2021-05-17 20:35:20.654945,235,False,1,,0
key_press,2,2021-05-17 20:35:21.069506,405,False,1,,0
key_press,2,2021-05-17 20:35:21.600135,521,False,2,,0
word,2,2021-05-17 20:35:21.609038,1547,True,2,,0
key_press,2,2021-05-17 20:35:21.873485,264,False,2,,0
key_press,2,2021-05-17 20:35:22.012931,130,False,2,,0
key_press,2,2021-05-17 20:35:22.248588,226,False,2,,0
key_press,2,2021-05-17 20:35:22.680282,423,False,2,,0
word,2,2021-05-17 20:35:22.691013,1073,True,2,,0
key_press,2,2021-05-17 20:35:22.839706,149,False,2,,0
key_press,2,2021-05-17 20:35:23.263239,414,False,2,,0
key_press,2,2021-05-17 20:35:23.431286,155,False,2,,0
key_press,2,2021-05-17 20:35:23.782998,343,False,2,,1
key_press,2,2021-05-17 20:35:23.792025,1,False,2,,1
key_press,2,2021-05-17 20:35:23.954749,151,False,2,,2
key_press,2,2021-05-17 20:35:23.979284,1,False,2,,2
key_press,2,2021-05-17 20:35:24.117246,126,False,2,,3
key_press,2,2021-05-17 20:35:24.126212,1,False,2,,3
word,2,2021-05-17 20:35:24.134942,1434,True,2,,3
key_press,2,2021-05-17 20:35:25.236494,1102,False,2,,4
key_press,2,2021-05-17 20:35:25.245767,0,False,2,,4
key_press,2,2021-05-17 20:35:25.745435,491,False,2,,4
word,2,2021-05-17 20:35:25.755280,1612,True,2,,4
key_press,2,2021-05-17 20:35:26.053610,298,False,2,,4
key_press,2,2021-05-17 20:35:26.231540,169,False,2,,4
key_press,2,2021-05-17 20:35:26.620878,380,False,2,,4
key_press,2,2021-05-17 20:35:26.804824,174,False,2,,4
key_press,2,2021-05-17 20:35:27.645261,829,False,2,,4
word,2,2021-05-17 20:35:27.654447,1889,True,2,,4
key_press,2,2021-05-17 20:35:27.896571,242,False,2,,4
key_press,2,2021-05-17 20:35:27.986543,81,False,2,,4
key_press,2,2021-05-17 20:35:28.204053,208,False,2,,4
word,2,2021-05-17 20:35:28.212798,549,True,2,,4
key_press,2,2021-05-17 20:35:28.426779,214,False,2,,4
key_press,2,2021-05-17 20:35:28.673251,238,False,2,,4
key_press,2,2021-05-17 20:35:28.819914,137,False,2,,4
key_press,2,2021-05-17 20:35:28.988352,159,False,2,,4
key_press,2,2021-05-17 20:35:29.303936,307,False,3,,4
word,2,2021-05-17 20:35:29.312513,1091,True,3,,4
key_press,2,2021-05-17 20:35:29.587572,275,False,3,,4
key_press,2,2021-05-17 20:35:29.698805,102,False,3,,4
key_press,2,2021-05-17 20:35:30.043372,335,False,3,,4
key_press,2,2021-05-17 20:35:30.504176,452,False,3,,4
key_press,2,2021-05-17 20:35:31.145108,633,False,4,,4
word,2,2021-05-17 20:35:31.154924,1831,True,4,,4
key_press,2,2021-05-17 20:35:31.613270,459,False,4,,4
key_press,2,2021-05-17 20:35:31.825609,203,False,4,,4
key_press,2,2021-05-17 20:35:32.120654,284,False,4,,4
key_press,2,2021-05-17 20:35:32.597654,468,False,4,,4
key_press,2,2021-05-17 20:35:33.000849,393,False,5,,4
word,2,2021-05-17 20:35:33.010148,1847,True,5,,4
key_press,2,2021-05-17 20:35:33.777273,767,False,5,,4
key_press,2,2021-05-17 20:35:33.897867,111,False,5,,4
key_press,2,2021-05-17 20:35:34.086542,177,False,5,,4
key_press,2,2021-05-17 20:35:34.277829,182,False,5,,4
key_press,2,2021-05-17 20:35:34.712652,425,False,5,,4
key_press,2,2021-05-17 20:35:34.950740,226,False,5,,5
key_press,2,2021-05-17 20:35:34.960421,0,False,5,,5
key_press,2,2021-05-17 20:35:35.104962,134,False,5,,6
key_press,2,2021-05-17 20:35:35.115066,1,False,5,,6
key_press,2,2021-05-17 20:35:35.694797,570,False,5,,6
key_press,2,2021-05-17 20:35:36.071065,368,False,5,,6
key_press,2,2021-05-17 20:35:36.772472,692,False,6,,6
word,2,2021-05-17 20:35:36.782594,3764,True,6,,6
key_press,2,2021-05-17 20:35:37.646699,864,False,6,,6
key_press,2,2021-05-17 20:35:37.767737,112,False,6,,6
key_press,2,2021-05-17 20:35:37.889678,112,False,6,,6
key_press,2,2021-05-17 20:35:38.030957,131,False,6,,6
word,2,2021-05-17 20:35:38.039834,1248,True,6,,6
key_press,2,2021-05-17 20:35:38.376992,337,False,6,,6
key_press,2,2021-05-17 20:35:38.528190,142,False,6,,6
key_press,2,2021-05-17 20:35:38.741587,204,False,6,,6
key_press,2,2021-05-17 20:35:39.298204,547,False,6,,6
key_press,2,2021-05-17 20:35:39.848263,541,False,7,,6
word,2,2021-05-17 20:35:39.858156,1809,True,7,,6
key_press,2,2021-05-17 20:35:40.097518,239,False,7,,6
key_press,2,2021-05-17 20:35:40.372071,264,False,7,,6
key_press,2,2021-05-17 20:35:40.811039,412,False,7,,6
key_press,2,2021-05-17 20:35:40.975960,155,False,7,,6
key_press,2,2021-05-17 20:35:41.314220,330,False,7,,6
sentence,2,2021-05-17 20:35:41.833716,27235,True,8,33.045713236644,6
key_press,2,2021-05-17 20:35:42.815365,973,False,0,,6
key_press,2,2021-05-17 20:35:43.042473,218,False,0,,6
key_press,2,2021-05-17 20:35:43.235992,184,False,0,,6
word,2,2021-05-17 20:35:43.245340,1403,False,0,,6
key_press,2,2021-05-17 20:35:43.466992,221,False,0,,6
key_press,2,2021-05-17 20:35:43.660087,185,False,0,,6
key_press,2,2021-05-17 20:35:43.835163,166,False,0,,6
key_press,2,2021-05-17 20:35:46.231307,2387,False,1,,7
key_press,2,2021-05-17 20:35:46.240923,0,False,1,,7
key_press,2,2021-05-17 20:35:46.639725,390,False,1,,7
key_press,2,2021-05-17 20:35:46.885754,237,False,1,,7
key_press,2,2021-05-17 20:35:47.576265,682,False,1,,7
key_press,2,2021-05-17 20:35:48.617988,1031,False,2,,7
word,2,2021-05-17 20:35:48.627403,5374,True,2,,7
key_press,2,2021-05-17 20:35:48.892684,265,False,2,,7
key_press,2,2021-05-17 20:35:49.081129,180,False,2,,7
key_press,2,2021-05-17 20:35:49.359921,270,False,2,,7
key_press,2,2021-05-17 20:35:49.570864,196,False,2,,7
key_press,2,2021-05-17 20:35:49.961389,382,False,2,,7
key_press,2,2021-05-17 20:35:50.528873,557,False,3,,7
word,2,2021-05-17 20:35:50.537982,1900,True,3,,7
key_press,2,2021-05-17 20:35:50.824030,287,False,3,,7
key_press,2,2021-05-17 20:35:51.058152,225,False,3,,7
key_press,2,2021-05-17 20:35:51.151736,84,False,3,,7
key_press,2,2021-05-17 20:35:51.253511,92,False,3,,7
key_press,2,2021-05-17 20:35:52.149008,887,False,3,,7
key_press,2,2021-05-17 20:35:52.709476,551,False,4,,7
word,2,2021-05-17 20:35:52.719913,2172,True,4,,7
key_press,2,2021-05-17 20:35:53.181698,462,False,4,,7
key_press,2,2021-05-17 20:35:53.321808,130,False,4,,7
key_press,2,2021-05-17 20:35:53.475639,144,False,4,,7
key_press,2,2021-05-17 20:35:53.691141,207,False,4,,7
word,2,2021-05-17 20:35:53.700307,972,True,4,,7
key_press,2,2021-05-17 20:35:54.374853,674,False,4,,7
key_press,2,2021-05-17 20:35:54.535194,150,False,4,,7
key_press,2,2021-05-17 20:35:54.725576,182,False,4,,7
key_press,2,2021-05-17 20:35:54.918090,184,False,4,,7
key_press,2,2021-05-17 20:35:55.214502,288,False,4,,7
key_press,2,2021-05-17 20:35:56.010931,786,False,5,,7
word,2,2021-05-17 20:35:56.020387,2312,True,5,,7
key_press,2,2021-05-17 20:35:56.439897,419,False,5,,7
key_press,2,2021-05-17 20:35:56.672381,223,False,5,,7
key_press,2,2021-05-17 20:35:56.760956,78,False,5,,7
word,2,2021-05-17 20:35:56.770167,742,True,5,,7
key_press,2,2021-05-17 20:35:57.139210,369,False,5,,7
key_press,2,2021-05-17 20:35:57.326735,178,False,5,,7
key_press,2,2021-05-17 20:35:57.480915,145,False,5,,7
key_press,2,2021-05-17 20:35:57.612745,122,False,5,,7
word,2,2021-05-17 20:35:57.622308,843,True,5,,7
key_press,2,2021-05-17 20:35:57.918298,296,False,5,,7
key_press,2,2021-05-17 20:35:58.057329,130,False,5,,7
key_press,2,2021-05-17 20:35:58.256556,190,False,5,,7
key_press,2,2021-05-17 20:35:58.478464,213,False,5,,7
key_press,2,2021-05-17 20:35:58.869388,382,False,5,,7
key_press,2,2021-05-17 20:35:59.188606,309,False,6,,7
word,2,2021-05-17 20:35:59.197806,1566,True,6,,7
key_press,2,2021-05-17 20:35:59.960866,763,False,6,,7
key_press,2,2021-05-17 20:36:00.068320,99,False,6,,7
key_press,2,2021-05-17 20:36:00.465737,387,False,6,,7
key_press,2,2021-05-17 20:36:01.181790,704,False,6,,7
key_press,2,2021-05-17 20:36:01.559747,362,False,7,,7
word,2,2021-05-17 20:36:01.569842,2363,True,7,,7
key_press,2,2021-05-17 20:36:02.856878,1287,False,7,,7
key_press,2,2021-05-17 20:36:03.001588,136,False,7,,7
key_press,2,2021-05-17 20:36:03.219321,209,False,7,,7
word,2,2021-05-17 20:36:03.227954,1648,True,7,,7
key_press,2,2021-05-17 20:36:05.552475,2325,False,7,,7
key_press,2,2021-05-17 20:36:05.748262,187,False,7,,7
key_press,2,2021-05-17 20:36:05.859509,101,False,7,,7
key_press,2,2021-05-17 20:36:05.986874,118,False,7,,7
word,2,2021-05-17 20:36:05.995490,2758,True,7,,7
key_press,2,2021-05-17 20:36:06.270667,275,False,7,,7
key_press,2,2021-05-17 20:36:06.550084,271,False,7,,7
key_press,2,2021-05-17 20:36:06.739458,180,False,7,,7
key_press,2,2021-05-17 20:36:06.946610,197,False,7,,7
key_press,2,2021-05-17 20:36:07.099328,144,False,7,,7
key_press,2,2021-05-17 20:36:07.182914,72,False,7,,7
word,2,2021-05-17 20:36:07.195088,1191,True,7,,7
key_press,2,2021-05-17 20:36:07.320210,125,False,7,,7
key_press,2,2021-05-17 20:36:07.466106,136,False,7,,7
key_press,2,2021-05-17 20:36:07.734788,258,False,7,,7
word,2,2021-05-17 20:36:07.750821,545,True,7,,7
key_press,2,2021-05-17 20:36:08.180634,430,False,7,,7
key_press,2,2021-05-17 20:36:08.399693,210,False,7,,7
key_press,2,2021-05-17 20:36:08.553366,145,False,7,,7
key_press,2,2021-05-17 20:36:08.735901,173,False,7,,7
key_press,2,2021-05-17 20:36:10.245597,1496,False,7,,7
key_press,2,2021-05-17 20:36:11.035180,780,False,8,,7
word,2,2021-05-17 20:36:11.043770,3279,True,8,,7
key_press,2,2021-05-17 20:36:11.230950,187,False,8,,7
key_press,2,2021-05-17 20:36:11.654750,415,False,8,,7
key_press,2,2021-05-17 20:36:11.906476,243,False,8,,7
word,2,2021-05-17 20:36:11.915240,863,True,8,,7
key_press,2,2021-05-17 20:36:12.201111,286,False,8,,7
key_press,2,2021-05-17 20:36:12.494945,285,False,8,,7
key_press,2,2021-05-17 20:36:12.710463,207,False,8,,7
key_press,2,2021-05-17 20:36:12.990240,271,False,8,,7
key_press,2,2021-05-17 20:36:13.524268,525,False,8,,7
key_press,2,2021-05-17 20:36:13.790627,256,False,9,,7
word,2,2021-05-17 20:36:13.800353,1875,True,9,,7
key_press,2,2021-05-17 20:36:14.075177,275,False,9,,7
key_press,2,2021-05-17 20:36:14.279827,195,False,9,,7
key_press,2,2021-05-17 20:36:14.447474,158,False,9,,7
word,2,2021-05-17 20:36:14.456779,647,True,9,,7
key_press,2,2021-05-17 20:36:14.698181,242,False,9,,7
key_press,2,2021-05-17 20:36:15.194010,487,False,9,,7
key_press,2,2021-05-17 20:36:15.661461,455,False,9,,7
key_press,2,2021-05-17 20:36:16.035582,365,False,9,,8
key_press,2,2021-05-17 20:36:16.044218,1,False,9,,8
key_press,2,2021-05-17 20:36:16.145166,93,False,9,,8
key_press,2,2021-05-17 20:36:16.272395,117,False,9,,8
key_press,2,2021-05-17 20:36:16.952965,671,False,9,,8
word,2,2021-05-17 20:36:16.961791,2496,True,9,,8
key_press,2,2021-05-17 20:36:17.915386,954,False,9,,8
key_press,2,2021-05-17 20:36:18.071915,146,False,9,,8
key_press,2,2021-05-17 20:36:18.244596,162,False,9,,8
key_press,2,2021-05-17 20:36:18.394344,141,False,9,,8
key_press,2,2021-05-17 20:36:18.789292,386,False,9,,8
key_press,2,2021-05-17 20:36:19.468857,669,False,10,,8
word,2,2021-05-17 20:36:19.479147,2509,True,10,,8
key_press,2,2021-05-17 20:36:19.787128,308,False,10,,8
key_press,2,2021-05-17 20:36:19.980182,185,False,10,,8
key_press,2,2021-05-17 20:36:20.083649,94,False,10,,8
key_press,2,2021-05-17 20:36:20.264731,172,False,10,,8
word,2,2021-05-17 20:36:20.273941,785,True,10,,8
key_press,2,2021-05-17 20:36:20.635583,362,False,10,,8
key_press,2,2021-05-17 20:36:20.762621,118,False,10,,8
key_press,2,2021-05-17 20:36:21.438807,667,False,10,,8
key_press,2,2021-05-17 20:36:22.037199,590,False,10,,8
key_press,2,2021-05-17 20:36:22.765117,718,False,11,,8
word,2,2021-05-17 20:36:22.774347,2492,True,11,,8
key_press,2,2021-05-17 20:36:23.368078,594,False,11,,8
key_press,2,2021-05-17 20:36:23.698830,320,False,11,,8
key_press,2,2021-05-17 20:36:23.908699,200,False,11,,8
word,2,2021-05-17 20:36:23.918248,1135,True,11,,8
key_press,2,2021-05-17 20:36:24.195383,277,False,11,,8
key_press,2,2021-05-17 20:36:24.476530,271,False,11,,8
key_press,2,2021-05-17 20:36:24.730251,245,False,11,,8
key_press,2,2021-05-17 20:36:24.855229,115,False,11,,8
word,2,2021-05-17 20:36:24.863727,935,True,11,,8
key_press,2,2021-05-17 20:36:25.142395,279,False,11,,8
key_press,2,2021-05-17 20:36:25.682006,531,False,11,,8
key_press,2,2021-05-17 20:36:26.062493,372,False,11,,8
key_press,2,2021-05-17 20:36:26.650782,579,False,11,,8
key_press,2,2021-05-17 20:36:27.052236,392,False,12,,8
word,2,2021-05-17 20:36:27.061817,2189,True,12,,8
key_press,2,2021-05-17 20:36:27.515937,454,False,12,,8
key_press,2,2021-05-17 20:36:27.924446,398,False,12,,8
key_press,2,2021-05-17 20:36:28.117301,185,False,12,,8
key_press,2,2021-05-17 20:36:28.390618,263,False,12,,8
key_press,2,2021-05-17 20:36:28.974861,575,False,12,,8
word,2,2021-05-17 20:36:28.984613,1914,True,12,,8
key_press,2,2021-05-17 20:36:29.761763,777,False,12,,8
key_press,2,2021-05-17 20:36:29.887231,113,False,12,,8
key_press,2,2021-05-17 20:36:30.093692,196,False,12,,8
key_press,2,2021-05-17 20:36:30.648322,543,False,12,,8
key_press,2,2021-05-17 20:36:31.002366,344,False,13,,8
word,2,2021-05-17 20:36:31.011120,2018,True,13,,8
key_press,2,2021-05-17 20:36:31.565833,554,False,13,,8
key_press,2,2021-05-17 20:36:31.782125,208,False,13,,8
key_press,2,2021-05-17 20:36:31.898326,107,False,13,,8
key_press,2,2021-05-17 20:36:32.005215,99,False,13,,8
key_press,2,2021-05-17 20:36:32.132452,119,False,13,,8
key_press,2,2021-05-17 20:36:32.529987,388,False,13,,8
key_press,2,2021-05-17 20:36:33.211958,672,False,14,,8
word,2,2021-05-17 20:36:33.221457,2202,True,14,,8
key_press,2,2021-05-17 20:36:33.665463,444,False,14,,8
key_press,2,2021-05-17 20:36:33.809759,136,False,14,,8
key_press,2,2021-05-17 20:36:34.002282,183,False,14,,8
word,2,2021-05-17 20:36:34.011356,782,True,14,,8
key_press,2,2021-05-17 20:36:34.245360,234,False,14,,8
key_press,2,2021-05-17 20:36:34.403723,149,False,14,,8
key_press,2,2021-05-17 20:36:34.511882,99,False,14,,8
key_press,2,2021-05-17 20:36:34.658019,137,False,14,,8
word,2,2021-05-17 20:36:34.667760,647,True,14,,8
key_press,2,2021-05-17 20:36:35.259678,592,False,14,,8
key_press,2,2021-05-17 20:36:35.362833,94,False,14,,8
key_press,2,2021-05-17 20:36:35.525538,148,False,14,,8
key_press,2,2021-05-17 20:36:36.006792,472,False,14,,8
key_press,2,2021-05-17 20:36:36.302701,287,False,15,,8
word,2,2021-05-17 20:36:36.311814,1635,True,15,,8
key_press,2,2021-05-17 20:36:36.598241,287,False,15,,8
key_press,2,2021-05-17 20:36:36.728187,121,False,15,,8
key_press,2,2021-05-17 20:36:36.924750,188,False,15,,8
word,2,2021-05-17 20:36:36.933267,613,True,15,,8
key_press,2,2021-05-17 20:36:37.208437,275,False,15,,8
key_press,2,2021-05-17 20:36:37.385877,166,False,15,,8
key_press,2,2021-05-17 20:36:37.516754,121,False,15,,8
key_press,2,2021-05-17 20:36:37.690957,164,False,15,,8
word,2,2021-05-17 20:36:37.699989,757,True,15,,8
key_press,2,2021-05-17 20:36:38.033591,334,False,15,,8
key_press,2,2021-05-17 20:36:38.191940,149,False,15,,8
key_press,2,2021-05-17 20:36:38.298631,97,False,15,,8
key_press,2,2021-05-17 20:36:39.730899,1423,False,15,,8
key_press,2,2021-05-17 20:36:40.507074,768,False,16,,8
word,2,2021-05-17 20:36:40.516783,2808,True,16,,8
key_press,2,2021-05-17 20:36:40.638801,122,False,16,,8
key_press,2,2021-05-17 20:36:40.799311,152,False,16,,8
key_press,2,2021-05-17 20:36:40.939121,131,False,16,,8
key_press,2,2021-05-17 20:36:41.089590,141,False,16,,8
word,2,2021-05-17 20:36:41.098829,573,True,16,,8
key_press,2,2021-05-17 20:36:41.408472,310,False,16,,8
key_press,2,2021-05-17 20:36:41.552519,135,False,16,,8
key_press,2,2021-05-17 20:36:41.729535,167,False,16,,8
key_press,2,2021-05-17 20:36:42.243676,504,False,16,,8
key_press,2,2021-05-17 20:36:42.702512,449,False,17,,8
word,2,2021-05-17 20:36:42.711351,1604,True,17,,8
key_press,2,2021-05-17 20:36:43.305674,594,False,17,,8
key_press,2,2021-05-17 20:36:43.430883,116,False,17,,8
key_press,2,2021-05-17 20:36:43.569171,130,False,17,,8
word,2,2021-05-17 20:36:43.578230,858,True,17,,8
key_press,2,2021-05-17 20:36:43.798691,220,False,17,,8
key_press,2,2021-05-17 20:36:44.005308,198,False,17,,8
key_press,2,2021-05-17 20:36:44.154155,139,False,17,,8
key_press,2,2021-05-17 20:36:44.807390,645,False,17,,8
word,2,2021-05-17 20:36:44.816476,1229,True,17,,8
key_press,2,2021-05-17 20:36:45.230047,414,False,17,,8
key_press,2,2021-05-17 20:36:45.379274,140,False,17,,8
key_press,2,2021-05-17 20:36:45.646456,258,False,17,,8
key_press,2,2021-05-17 20:36:46.125720,469,False,17,,8
key_press,2,2021-05-17 20:36:46.626684,491,False,18,,8
word,2,2021-05-17 20:36:46.636232,1812,True,18,,8
key_press,2,2021-05-17 20:36:47.118218,482,False,18,,8
key_press,2,2021-05-17 20:36:47.264666,137,False,18,,8
key_press,2,2021-05-17 20:36:47.481124,208,False,18,,8
key_press,2,2021-05-17 20:36:47.894495,404,False,18,,9
key_press,2,2021-05-17 20:36:47.905565,0,False,18,,9
key_press,2,2021-05-17 20:36:48.006410,90,False,18,,9
key_press,2,2021-05-17 20:36:48.132114,109,False,18,,9
key_press,2,2021-05-17 20:36:48.703970,562,False,18,,9
sentence,2,2021-05-17 20:36:49.482395,67640,True,19,34.5949142519219,9
